id_mpio;nombre_mpio;id_dpto;nombre_dpto
1083;EL ENCANTO;91;AMAZONAS
1081;LA CHORRERA;91;AMAZONAS
1082;LA PEDRERA;91;AMAZONAS
1101;LA VICTORIA;91;AMAZONAS
1085;LETICIA;91;AMAZONAS
1078;MIRITI-PARANA;91;AMAZONAS
1103;PUERTO ALEGRIA;91;AMAZONAS
1102;PUERTO ARICA;91;AMAZONAS
1086;PUERTO NARIÑO;91;AMAZONAS
1080;PUERTO SANTANDER;91;AMAZONAS
1084;TARAPACA;91;AMAZONAS
476;ABEJORRAL;5;ANTIOQUIA
315;ABRIAQUI;5;ANTIOQUIA
376;ALEJANDRIA;5;ANTIOQUIA
441;AMAGA;5;ANTIOQUIA
254;AMALFI;5;ANTIOQUIA
507;ANDES;5;ANTIOQUIA
417;ANGELOPOLIS;5;ANTIOQUIA
287;ANGOSTURA;5;ANTIOQUIA
245;ANORI;5;ANTIOQUIA
375;ANZA;5;ANTIOQUIA
205;APARTADO;5;ANTIOQUIA
151;ARBOLETES;5;ANTIOQUIA
508;ARGELIA;5;ANTIOQUIA
408;ARMENIA;5;ANTIOQUIA
355;BARBOSA;5;ANTIOQUIA
372;BELLO;5;ANTIOQUIA
309;BELMIRA;5;ANTIOQUIA
498;BETANIA;5;ANTIOQUIA
399;BETULIA;5;ANTIOQUIA
263;BRICEÑO;5;ANTIOQUIA
285;BURITICA;5;ANTIOQUIA
210;CACERES;5;ANTIOQUIA
354;CAICEDO;5;ANTIOQUIA
433;CALDAS;5;ANTIOQUIA
266;CAMPAMENTO;5;ANTIOQUIA
282;CAÑASGORDAS;5;ANTIOQUIA
367;CARACOLI;5;ANTIOQUIA
544;CARAMANTA;5;ANTIOQUIA
215;CAREPA;5;ANTIOQUIA
303;CAROLINA;5;ANTIOQUIA
206;CAUCASIA;5;ANTIOQUIA
222;CHIGORODO;5;ANTIOQUIA
341;CISNEROS;5;ANTIOQUIA
474;CIUDAD BOLIVAR;5;ANTIOQUIA
438;COCORNA;5;ANTIOQUIA
368;CONCEPCION;5;ANTIOQUIA
423;CONCORDIA;5;ANTIOQUIA
371;COPACABANA;5;ANTIOQUIA
265;DABEIBA;5;ANTIOQUIA
344;DON MATIAS;5;ANTIOQUIA
373;EBEJICO;5;ANTIOQUIA
198;EL BAGRE;5;ANTIOQUIA
430;EL CARMEN DE VIBORAL;5;ANTIOQUIA
425;EL SANTUARIO;5;ANTIOQUIA
327;ENTRERRIOS;5;ANTIOQUIA
415;ENVIGADO;5;ANTIOQUIA
466;FREDONIA;5;ANTIOQUIA
291;FRONTINO;5;ANTIOQUIA
320;GIRALDO;5;ANTIOQUIA
369;GIRARDOTA;5;ANTIOQUIA
293;GOMEZ PLATA;5;ANTIOQUIA
411;GRANADA;5;ANTIOQUIA
288;GUADALUPE;5;ANTIOQUIA
394;GUARNE;5;ANTIOQUIA
398;GUATAPE;5;ANTIOQUIA
400;HELICONIA;5;ANTIOQUIA
494;HISPANIA;5;ANTIOQUIA
414;ITAGUI;5;ANTIOQUIA
247;ITUANGO;5;ANTIOQUIA
525;JARDIN;5;ANTIOQUIA
482;JERICO;5;ANTIOQUIA
445;LA CEJA;5;ANTIOQUIA
419;LA ESTRELLA;5;ANTIOQUIA
489;LA PINTADA;5;ANTIOQUIA
448;LA UNION;5;ANTIOQUIA
308;LIBORINA;5;ANTIOQUIA
334;MACEO;5;ANTIOQUIA
407;MARINILLA;5;ANTIOQUIA
381;MEDELLIN;5;ANTIOQUIA
465;MONTEBELLO;5;ANTIOQUIA
280;MURINDO;5;ANTIOQUIA
1122;MUTATA;5;ANTIOQUIA
526;NARIÑO;5;ANTIOQUIA
195;NECHI;5;ANTIOQUIA
164;NECOCLI;5;ANTIOQUIA
330;OLAYA;5;ANTIOQUIA
389;PEÑOL;5;ANTIOQUIA
264;PEQUE;5;ANTIOQUIA
481;PUEBLORRICO;5;ANTIOQUIA
317;PUERTO BERRIO;5;ANTIOQUIA
404;PUERTO NARE;5;ANTIOQUIA
452;PUERTO TRIUNFO;5;ANTIOQUIA
257;REMEDIOS;5;ANTIOQUIA
412;RETIRO;5;ANTIOQUIA
409;RIONEGRO;5;ANTIOQUIA
274;SABANALARGA;5;ANTIOQUIA
424;SABANETA;5;ANTIOQUIA
435;SALGAR;5;ANTIOQUIA
281;SAN ANDRES;5;ANTIOQUIA
393;SAN CARLOS;5;ANTIOQUIA
468;SAN FRANCISCO;5;ANTIOQUIA
358;SAN JERONIMO;5;ANTIOQUIA
292;SAN JOSE DE LA MONTAÑA;5;ANTIOQUIA
159;SAN JUAN DE URABA;5;ANTIOQUIA
431;SAN LUIS;5;ANTIOQUIA
357;SAN PEDRO;5;ANTIOQUIA
168;SAN PEDRO DE URABA;5;ANTIOQUIA
378;SAN RAFAEL;5;ANTIOQUIA
350;SAN ROQUE;5;ANTIOQUIA
459;SANTA BARBARA;5;ANTIOQUIA
331;SANTAFE DE ANTIOQUIA;5;ANTIOQUIA
298;SANTA ROSA DE OSOS;5;ANTIOQUIA
345;SANTO DOMINGO;5;ANTIOQUIA
382;SAN VICENTE;5;ANTIOQUIA
239;SEGOVIA;5;ANTIOQUIA
477;SONSON;5;ANTIOQUIA
337;SOPETRAN;5;ANTIOQUIA
497;TAMESIS;5;ANTIOQUIA
223;TARAZA;5;ANTIOQUIA
472;TARSO;5;ANTIOQUIA
429;TITIRIBI;5;ANTIOQUIA
271;TOLEDO;5;ANTIOQUIA
181;TURBO;5;ANTIOQUIA
278;URAMITA;5;ANTIOQUIA
339;URRAO;5;ANTIOQUIA
246;VALDIVIA;5;ANTIOQUIA
512;VALPARAISO;5;ANTIOQUIA
286;VEGACHI;5;ANTIOQUIA
455;VENECIA;5;ANTIOQUIA
301;VIGIA DEL FUERTE;5;ANTIOQUIA
310;YALI;5;ANTIOQUIA
259;YARUMAL;5;ANTIOQUIA
304;YOLOMBO;5;ANTIOQUIA
255;YONDO;5;ANTIOQUIA
227;ZARAGOZA;5;ANTIOQUIA
272;ARAUCA;81;ARAUCA
276;ARAUQUITA;81;ARAUCA
324;CRAVO NORTE;81;ARAUCA
300;FORTUL;81;ARAUCA
329;PUERTO RONDON;81;ARAUCA
275;SARAVENA;81;ARAUCA
325;TAME;81;ARAUCA
3;PROVIDENCIA;88;ARCHIPIELAGO DE SAN ANDRES PROVIDENCIA Y SANTA CATALINA
4;SAN ANDRES;88;ARCHIPIELAGO DE SAN ANDRES PROVIDENCIA Y SANTA CATALINA
1098;SANTA CATALINA;88;ARCHIPIELAGO DE SAN ANDRES PROVIDENCIA Y SANTA CATALINA
27;BARANOA;8;ATLANTICO
13;BARRANQUILLA;8;ATLANTICO
55;CAMPO DE LA CRUZ;8;ATLANTICO
49;CANDELARIA;8;ATLANTICO
21;GALAPA;8;ATLANTICO
24;JUAN DE ACOSTA;8;ATLANTICO
39;LURUACO;8;ATLANTICO
23;MALAMBO;8;ATLANTICO
51;MANATI;8;ATLANTICO
34;PALMAR DE VARELA;8;ATLANTICO
30;PIOJO;8;ATLANTICO
29;POLONUEVO;8;ATLANTICO
38;PONEDERA;8;ATLANTICO
15;PUERTO COLOMBIA;8;ATLANTICO
47;REPELON;8;ATLANTICO
28;SABANAGRANDE;8;ATLANTICO
37;SABANALARGA;8;ATLANTICO
63;SANTA LUCIA;8;ATLANTICO
33;SANTO TOMAS;8;ATLANTICO
22;SOLEDAD;8;ATLANTICO
67;SUAN;8;ATLANTICO
20;TUBARA;8;ATLANTICO
31;USIACURI;8;ATLANTICO
160;ACHI;13;BOLIVAR
157;ALTOS DEL ROSARIO;13;BOLIVAR
192;ARENAL;13;BOLIVAR
68;ARJONA;13;BOLIVAR
1094;ARROYOHONDO;13;BOLIVAR
148;BARRANCO DE LOBA;13;BOLIVAR
65;CALAMAR;13;BOLIVAR
243;CANTAGALLO;13;BOLIVAR
40;CARTAGENA;13;BOLIVAR
121;CICUCO;13;BOLIVAR
46;CLEMENCIA;13;BOLIVAR
92;CORDOBA;13;BOLIVAR
84;EL CARMEN DE BOLIVAR;13;BOLIVAR
74;EL GUAMO;13;BOLIVAR
144;EL PEÑON;13;BOLIVAR
142;HATILLO DE LOBA;13;BOLIVAR
103;MAGANGUE;13;BOLIVAR
69;MAHATES;13;BOLIVAR
128;MARGARITA;13;BOLIVAR
77;MARIA LA BAJA;13;BOLIVAR
120;MOMPOS;13;BOLIVAR
178;MONTECRISTO;13;BOLIVAR
177;MORALES;13;BOLIVAR
138;PINILLOS;13;BOLIVAR
158;REGIDOR;13;BOLIVAR
165;RIO VIEJO;13;BOLIVAR
60;SAN CRISTOBAL;13;BOLIVAR
57;SAN ESTANISLAO;13;BOLIVAR
125;SAN FERNANDO;13;BOLIVAR
83;SAN JACINTO;13;BOLIVAR
185;SAN JACINTO DEL CAUCA;13;BOLIVAR
76;SAN JUAN NEPOMUCENO;13;BOLIVAR
145;SAN MARTIN DE LOBA;13;BOLIVAR
236;SAN PABLO;13;BOLIVAR
32;SANTA CATALINA;13;BOLIVAR
52;SANTA ROSA;13;BOLIVAR
202;SANTA ROSA DEL SUR;13;BOLIVAR
199;SIMITI;13;BOLIVAR
59;SOPLAVIENTO;13;BOLIVAR
108;TALAIGUA NUEVO;13;BOLIVAR
167;TIQUISIO;13;BOLIVAR
61;TURBACO;13;BOLIVAR
70;TURBANA;13;BOLIVAR
53;VILLANUEVA;13;BOLIVAR
86;ZAMBRANO;13;BOLIVAR
689;ALMEIDA;15;BOYACA
533;AQUITANIA;15;BOYACA
490;ARCABUCO;15;BOYACA
449;BELEN;15;BOYACA
624;BERBEO;15;BOYACA
469;BETEITIVA;15;BOYACA
370;BOAVITA;15;BOYACA
579;BOYACA;15;BOYACA
518;BRICEÑO;15;BOYACA
564;BUENAVISTA;15;BOYACA
487;BUSBANZA;15;BOYACA
541;CALDAS;15;BOYACA
661;CAMPOHERMOSO;15;BOYACA
462;CERINZA;15;BOYACA
623;CHINAVITA;15;BOYACA
517;CHIQUINQUIRA;15;BOYACA
528;CHIQUIZA;15;BOYACA
302;CHISCAS;15;BOYACA
401;CHITA;15;BOYACA
450;CHITARAQUE;15;BOYACA
540;CHIVATA;15;BOYACA
710;CHIVOR;15;BOYACA
589;CIENEGA;15;BOYACA
500;COMBITA;15;BOYACA
567;COPER;15;BOYACA
485;CORRALES;15;BOYACA
343;COVARACHIA;15;BOYACA
279;CUBARA;15;BOYACA
552;CUCAITA;15;BOYACA
546;CUITIVA;15;BOYACA
464;DUITAMA;15;BOYACA
377;EL COCUY;15;BOYACA
356;EL ESPINO;15;BOYACA
522;FIRAVITOBA;15;BOYACA
479;FLORESTA;15;BOYACA
499;GACHANTIVA;15;BOYACA
492;GAMEZA;15;BOYACA
640;GARAGOA;15;BOYACA
361;GUACAMAYAS;15;BOYACA
672;GUATEQUE;15;BOYACA
692;GUAYATA;15;BOYACA
319;GUICAN;15;BOYACA
534;IZA;15;BOYACA
591;JENESANO;15;BOYACA
421;JERICO;15;BOYACA
527;LABRANZAGRANDE;15;BOYACA
651;LA CAPILLA;15;BOYACA
391;LA UVITA;15;BOYACA
563;LA VICTORIA;15;BOYACA
677;MACANAL;15;BOYACA
530;MARIPI;15;BOYACA
633;MIRAFLORES;15;BOYACA
510;MONGUA;15;BOYACA
516;MONGUI;15;BOYACA
471;MONIQUIRA;15;BOYACA
524;MOTAVITA;15;BOYACA
545;MUZO;15;BOYACA
501;NOBSA;15;BOYACA
593;NUEVO COLON;15;BOYACA
532;OICATA;15;BOYACA
480;OTANCHE;15;BOYACA
639;PACHAVITA;15;BOYACA
636;PAEZ;15;BOYACA
463;PAIPA;15;BOYACA
583;PAJARITO;15;BOYACA
365;PANQUEBA;15;BOYACA
496;PAUNA;15;BOYACA
495;PAYA;15;BOYACA
444;PAZ DE RIO;15;BOYACA
539;PESCA;15;BOYACA
488;PISBA;15;BOYACA
405;PUERTO BOYACA;15;BOYACA
531;QUIPAMA;15;BOYACA
588;RAMIRIQUI;15;BOYACA
550;RAQUIRA;15;BOYACA
578;RONDON;15;BOYACA
506;SABOYA;15;BOYACA
542;SACHICA;15;BOYACA
558;SAMACA;15;BOYACA
617;SAN EDUARDO;15;BOYACA
451;SAN JOSE DE PARE;15;BOYACA
699;SAN LUIS DE GACENO;15;BOYACA
363;SAN MATEO;15;BOYACA
543;SAN MIGUEL DE SEMA;15;BOYACA
509;SAN PABLO DE BORBUR;15;BOYACA
705;SANTA MARIA;15;BOYACA
440;SANTANA;15;BOYACA
467;SANTA ROSA DE VITERBO;15;BOYACA
504;SANTA SOFIA;15;BOYACA
426;SATIVANORTE;15;BOYACA
442;SATIVASUR;15;BOYACA
562;SIACHOQUE;15;BOYACA
387;SOATA;15;BOYACA
447;SOCHA;15;BOYACA
432;SOCOTA;15;BOYACA
511;SOGAMOSO;15;BOYACA
686;SOMONDOCO;15;BOYACA
536;SORA;15;BOYACA
568;SORACA;15;BOYACA
486;SOTAQUIRA;15;BOYACA
402;SUSACON;15;BOYACA
523;SUTAMARCHAN;15;BOYACA
678;SUTATENZA;15;BOYACA
473;TASCO;15;BOYACA
662;TENZA;15;BOYACA
600;TIBANA;15;BOYACA
502;TIBASOSA;15;BOYACA
538;TINJACA;15;BOYACA
366;TIPACOQUE;15;BOYACA
535;TOCA;15;BOYACA
470;TOGUI;15;BOYACA
505;TOPAGA;15;BOYACA
554;TOTA;15;BOYACA
537;TUNJA;15;BOYACA
515;TUNUNGUA;15;BOYACA
603;TURMEQUE;15;BOYACA
519;TUTA;15;BOYACA
428;TUTAZA;15;BOYACA
625;UMBITA;15;BOYACA
584;VENTAQUEMADA;15;BOYACA
521;VILLA DE LEYVA;15;BOYACA
573;VIRACACHA;15;BOYACA
604;ZETAQUIRA;15;BOYACA
514;AGUADAS;17;CALDAS
615;ANSERMA;17;CALDAS
605;ARANZAZU;17;CALDAS
667;BELALCAZAR;17;CALDAS
668;CHINCHINA;17;CALDAS
596;FILADELFIA;17;CALDAS
1110;LA DORADA;17;CALDAS
580;LA MERCED;17;CALDAS
643;MANIZALES;17;CALDAS
610;MANZANARES;17;CALDAS
565;MARMATO;17;CALDAS
608;MARQUETALIA;17;CALDAS
606;MARULANDA;17;CALDAS
618;NEIRA;17;CALDAS
1111;NORCASIA;17;CALDAS
547;PACORA;17;CALDAS
652;PALESTINA;17;CALDAS
560;PENSILVANIA;17;CALDAS
561;RIOSUCIO;17;CALDAS
638;RISARALDA;17;CALDAS
574;SALAMINA;17;CALDAS
1112;SAMANA;17;CALDAS
646;SAN JOSE;17;CALDAS
566;SUPIA;17;CALDAS
548;VICTORIA;17;CALDAS
674;VILLAMARIA;17;CALDAS
653;VITERBO;17;CALDAS
1035;ALBANIA;18;CAQUETA
1000;BELEN DE LOS ANDAQUIES;18;CAQUETA
1030;CARTAGENA DEL CHAIRA;18;CAQUETA
1045;CURILLO;18;CAQUETA
964;EL DONCELLO;18;CAQUETA
994;EL PAUJIL;18;CAQUETA
973;FLORENCIA;18;CAQUETA
997;LA MONTAÑITA;18;CAQUETA
1034;MILAN;18;CAQUETA
1013;MORELIA;18;CAQUETA
956;PUERTO RICO;18;CAQUETA
1022;SAN JOSE DEL FRAGUA;18;CAQUETA
920;SAN VICENTE DEL CAGUAN;18;CAQUETA
1048;SOLANO;18;CAQUETA
1054;SOLITA;18;CAQUETA
1033;VALPARAISO;18;CAQUETA
598;AGUAZUL;85;CASANARE
602;CHAMEZA;85;CASANARE
406;HATO COROZAL;85;CASANARE
410;LA SALINA;85;CASANARE
669;MANI;85;CASANARE
682;MONTERREY;85;CASANARE
520;NUNCHIA;85;CASANARE
637;OROCUE;85;CASANARE
439;PAZ DE ARIPORO;85;CASANARE
493;PORE;85;CASANARE
601;RECETOR;85;CASANARE
693;SABANALARGA;85;CASANARE
436;SACAMA;85;CASANARE
553;SAN LUIS DE PALENQUE;85;CASANARE
453;TAMARA;85;CASANARE
645;TAURAMENA;85;CASANARE
557;TRINIDAD;85;CASANARE
750;VILLANUEVA;85;CASANARE
555;YOPAL;85;CASANARE
986;ALMAGUER;19;CAUCA
954;ARGELIA;19;CAUCA
967;BALBOA;19;CAUCA
980;BOLIVAR;19;CAUCA
908;BUENOS AIRES;19;CAUCA
929;CAJIBIO;19;CAUCA
918;CALDONO;19;CAUCA
902;CALOTO;19;CAUCA
903;CORINTO;19;CAUCA
925;EL TAMBO;19;CAUCA
1001;FLORENCIA;19;CAUCA
932;GUAPI;19;CAUCA
937;INZA;19;CAUCA
917;JAMBALO;19;CAUCA
963;LA SIERRA;19;CAUCA
972;LA VEGA;19;CAUCA
900;LOPEZ;19;CAUCA
988;MERCADERES;19;CAUCA
897;MIRANDA;19;CAUCA
921;MORALES;19;CAUCA
899;PADILLA;19;CAUCA
915;PAEZ;19;CAUCA
957;PATIA;19;CAUCA
1020;PIAMONTE;19;CAUCA
927;PIENDAMO;19;CAUCA
944;POPAYAN;19;CAUCA
896;PUERTO TEJADA;19;CAUCA
953;PURACE;19;CAUCA
960;ROSAS;19;CAUCA
984;SAN SEBASTIAN;19;CAUCA
906;SANTANDER DE QUILICHAO;19;CAUCA
991;SANTA ROSA;19;CAUCA
928;SILVIA;19;CAUCA
952;SOTARA;19;CAUCA
914;SUAREZ;19;CAUCA
1106;SUCRE;19;CAUCA
949;TIMBIO;19;CAUCA
912;TIMBIQUI;19;CAUCA
919;TIMBIQUI;19;CAUCA
909;TORIBIO;19;CAUCA
941;TOTORO;19;CAUCA
1107;VILLA RICA;19;CAUCA
173;AGUACHICA;20;CESAR
73;AGUSTIN CODAZZI;20;CESAR
96;ASTREA;20;CESAR
82;BECERRIL;20;CESAR
78;BOSCONIA;20;CESAR
98;CHIMICHAGUA;20;CESAR
95;CHIRIGUANA;20;CESAR
112;CURUMANI;20;CESAR
62;EL COPEY;20;CESAR
85;EL PASO;20;CESAR
176;GAMARRA;20;CESAR
179;GONZALEZ;20;CESAR
161;LA GLORIA;20;CESAR
90;LA JAGUA DE IBIRICO;20;CESAR
56;LA PAZ;20;CESAR
58;MANAURE;20;CESAR
139;PAILITAS;20;CESAR
152;PELAYA;20;CESAR
41;PUEBLO BELLO;20;CESAR
191;RIO DE ORO;20;CESAR
207;SAN ALBERTO;20;CESAR
66;SAN DIEGO;20;CESAR
203;SAN MARTIN;20;CESAR
137;TAMALAMEQUE;20;CESAR
25;VALLEDUPAR;20;CESAR
166;ACANDI;27;CHOCO
446;ALTO BAUDO;27;CHOCO
1114;ATRATO;27;CHOCO
529;BAGADO;27;CHOCO
306;BAHIA SOLANO;27;CHOCO
551;BAJO BAUDO;27;CHOCO
1121;BELEN DE BAJIRA;27;CHOCO
296;BOJAYA;27;CHOCO
582;CANTON DEL SAN PABLO;27;CHOCO
1123;CARMEN DEL DARIEN;27;CHOCO
1116;CERTEGUI;27;CHOCO
628;CONDOTO;27;CHOCO
461;EL CARMEN DE ATRATO;27;CHOCO
782;EL LITORAL DEL SAN JUAN;27;CHOCO
631;ITSMINA;27;CHOCO
238;JURADO;27;CHOCO
513;LLORO;27;CHOCO
1113;MEDIO ATRATO;27;CHOCO
1118;MEDIO BAUDO;27;CHOCO
1120;MEDIO SAN JUAN;27;CHOCO
664;NOVITA;27;CHOCO
456;NUQUI;27;CHOCO
390;QUIBDO;27;CHOCO
1119;RIO IRO;27;CHOCO
1115;RIO QUITO;27;CHOCO
214;RIOSUCIO;27;CHOCO
688;SAN JOSE DEL PALMAR;27;CHOCO
729;SIPI;27;CHOCO
595;TADO;27;CHOCO
187;UNGUIA;27;CHOCO
1117;UNION PANAMERICANA;27;CHOCO
174;AYAPEL;23;CORDOBA
188;BUENAVISTA;23;CORDOBA
155;CANALETE;23;CORDOBA
147;CERETE;23;CORDOBA
127;CHIMA;23;CORDOBA
131;CHINU;23;CORDOBA
141;CIENAGA DE ORO;23;CORDOBA
130;COTORRA;23;CORDOBA
200;LA APARTADA;23;CORDOBA
117;LORICA;23;CORDOBA
146;LOS CORDOBAS;23;CORDOBA
119;MOMIL;23;CORDOBA
116;MOÑITOS;23;CORDOBA
197;MONTELIBANO;23;CORDOBA
149;MONTERIA;23;CORDOBA
171;PLANETA RICA;23;CORDOBA
169;PUEBLO NUEVO;23;CORDOBA
133;PUERTO ESCONDIDO;23;CORDOBA
211;PUERTO LIBERTADOR;23;CORDOBA
118;PURISIMA;23;CORDOBA
143;SAHAGUN;23;CORDOBA
123;SAN ANDRES DE SOTAVENTO;23;CORDOBA
105;SAN ANTERO;23;CORDOBA
106;SAN BERNARDO DEL VIENTO;23;CORDOBA
154;SAN CARLOS;23;CORDOBA
136;SAN PELAYO;23;CORDOBA
189;TIERRALTA;23;CORDOBA
182;VALENCIA;23;CORDOBA
805;AGUA DE DIOS;25;CUNDINAMARCA
702;ALBAN;25;CUNDINAMARCA
766;ANAPOIMA;25;CUNDINAMARCA
725;ANOLAIMA;25;CUNDINAMARCA
768;APULO;25;CUNDINAMARCA
823;ARBELAEZ;25;CUNDINAMARCA
724;BELTRAN;25;CUNDINAMARCA
715;BITUIMA;25;CUNDINAMARCA
739;BOJACA;25;CUNDINAMARCA
848;CABRERA;25;CUNDINAMARCA
742;CACHIPAY;25;CUNDINAMARCA
694;CAJICA;25;CUNDINAMARCA
556;CAPARRAPI;25;CUNDINAMARCA
794;CAQUEZA;25;CUNDINAMARCA
576;CARMEN DE CARUPA;25;CUNDINAMARCA
685;CHAGUANI;25;CUNDINAMARCA
711;CHIA;25;CUNDINAMARCA
791;CHIPAQUE;25;CUNDINAMARCA
760;CHOACHI;25;CUNDINAMARCA
630;CHOCONTA;25;CUNDINAMARCA
642;COGUA;25;CUNDINAMARCA
723;COTA;25;CUNDINAMARCA
614;CUCUNUBA;25;CUNDINAMARCA
770;EL COLEGIO;25;CUNDINAMARCA
611;EL PEÑON;25;CUNDINAMARCA
709;EL ROSAL;25;CUNDINAMARCA
716;FACATATIVA;25;CUNDINAMARCA
756;FOMEQUE;25;CUNDINAMARCA
813;FOSCA;25;CUNDINAMARCA
736;FUNZA;25;CUNDINAMARCA
572;FUQUENE;25;CUNDINAMARCA
807;FUSAGASUGA;25;CUNDINAMARCA
737;GACHALA;25;CUNDINAMARCA
679;GACHANCIPA;25;CUNDINAMARCA
703;GACHETA;25;CUNDINAMARCA
738;GAMA;25;CUNDINAMARCA
798;GIRARDOT;25;CUNDINAMARCA
780;GRANADA;25;CUNDINAMARCA
571;GUACHETA;25;CUNDINAMARCA
585;GUADUAS;25;CUNDINAMARCA
708;GUASCA;25;CUNDINAMARCA
772;GUATAQUI;25;CUNDINAMARCA
690;GUATAVITA;25;CUNDINAMARCA
704;GUAYABAL DE  SIQUIMA;25;CUNDINAMARCA
828;GUAYABETAL;25;CUNDINAMARCA
820;GUTIERREZ;25;CUNDINAMARCA
762;JERUSALEN;25;CUNDINAMARCA
727;JUNIN;25;CUNDINAMARCA
730;LA CALERA;25;CUNDINAMARCA
754;LA MESA;25;CUNDINAMARCA
581;LA PALMA;25;CUNDINAMARCA
619;LA PEÑA;25;CUNDINAMARCA
671;LA VEGA;25;CUNDINAMARCA
599;LENGUAZAQUE;25;CUNDINAMARCA
654;MACHETA;25;CUNDINAMARCA
721;MADRID;25;CUNDINAMARCA
675;MANTA;25;CUNDINAMARCA
763;MEDINA;25;CUNDINAMARCA
746;MOSQUERA;25;CUNDINAMARCA
795;NARIÑO;25;CUNDINAMARCA
650;NEMOCON;25;CUNDINAMARCA
814;NILO;25;CUNDINAMARCA
634;NIMAIMA;25;CUNDINAMARCA
660;NOCAIMA;25;CUNDINAMARCA
620;PACHO;25;CUNDINAMARCA
577;PAIME;25;CUNDINAMARCA
831;PANDI;25;CUNDINAMARCA
745;PARATEBUENO;25;CUNDINAMARCA
806;PASCA;25;CUNDINAMARCA
503;PUERTO SALGAR;25;CUNDINAMARCA
741;PULI;25;CUNDINAMARCA
648;QUEBRADANEGRA;25;CUNDINAMARCA
809;QUETAME;25;CUNDINAMARCA
734;QUIPILE;25;CUNDINAMARCA
812;RICAURTE;25;CUNDINAMARCA
761;SAN ANTONIO DEL TEQUENDAMA;25;CUNDINAMARCA
837;SAN BERNARDO;25;CUNDINAMARCA
586;SAN CAYETANO;25;CUNDINAMARCA
681;SAN FRANCISCO;25;CUNDINAMARCA
695;SAN JUAN DE RIO SECO;25;CUNDINAMARCA
680;SASAIMA;25;CUNDINAMARCA
665;SESQUILE;25;CUNDINAMARCA
783;SIBATE;25;CUNDINAMARCA
788;SILVANIA;25;CUNDINAMARCA
549;SIMIJACA;25;CUNDINAMARCA
765;SOACHA;25;CUNDINAMARCA
698;SOPO;25;CUNDINAMARCA
666;SUBACHOQUE;25;CUNDINAMARCA
632;SUESCA;25;CUNDINAMARCA
659;SUPATA;25;CUNDINAMARCA
569;SUSA;25;CUNDINAMARCA
621;SUTATAUSA;25;CUNDINAMARCA
687;TABIO;25;CUNDINAMARCA
626;TAUSA;25;CUNDINAMARCA
744;TENA;25;CUNDINAMARCA
714;TENJO;25;CUNDINAMARCA
810;TIBACUY;25;CUNDINAMARCA
656;TIBIRITA;25;CUNDINAMARCA
771;TOCAIMA;25;CUNDINAMARCA
683;TOCANCIPA;25;CUNDINAMARCA
587;TOPAIPI;25;CUNDINAMARCA
718;UBALA;25;CUNDINAMARCA
740;UBALA;25;CUNDINAMARCA
779;UBAQUE;25;CUNDINAMARCA
597;UBATE;25;CUNDINAMARCA
803;UNE;25;CUNDINAMARCA
627;UTICA;25;CUNDINAMARCA
844;VENECIA;25;CUNDINAMARCA
635;VERGARA;25;CUNDINAMARCA
697;VIANI;25;CUNDINAMARCA
607;VILLAGOMEZ;25;CUNDINAMARCA
609;VILLAPINZON;25;CUNDINAMARCA
663;VILLETA;25;CUNDINAMARCA
787;VIOTA;25;CUNDINAMARCA
491;YACOPI;25;CUNDINAMARCA
732;ZIPACON;25;CUNDINAMARCA
647;ZIPAQUIRA;25;CUNDINAMARCA
874;BARRANCO MINAS;94;GUAINIA
870;CACAHUAL;94;GUAINIA
850;INIRIDA;94;GUAINIA
1009;LA GUADALUPE;94;GUAINIA
1099;MAPIRIPANA;94;GUAINIA
1100;MORICHAL;94;GUAINIA
958;PANA PANA;94;GUAINIA
910;PUERTO COLOMBIA;94;GUAINIA
947;SAN FELIPE;94;GUAINIA
987;CALAMAR;95;GUAVIARE
965;EL RETORNO;95;GUAVIARE
995;MIRAFLORES;95;GUAVIARE
924;SAN JOSE DEL GUAVIARE;95;GUAVIARE
993;ACEVEDO;41;HUILA
955;AGRADO;41;HUILA
891;AIPE;41;HUILA
934;ALGECIRAS;41;HUILA
977;ALTAMIRA;41;HUILA
898;BARAYA;41;HUILA
931;CAMPOALEGRE;41;HUILA
866;COLOMBIA;41;HUILA
981;ELIAS;41;HUILA
961;GARZON;41;HUILA
945;GIGANTE;41;HUILA
975;GUADALUPE;41;HUILA
940;HOBO;41;HUILA
922;IQUIRA;41;HUILA
978;ISNOS;41;HUILA
966;LA ARGENTINA;41;HUILA
946;LA PLATA;41;HUILA
930;NATAGA;41;HUILA
901;NEIVA;41;HUILA
970;OPORAPA;41;HUILA
950;PAICOL;41;HUILA
913;PALERMO;41;HUILA
996;PALESTINA;41;HUILA
959;PITAL;41;HUILA
989;PITALITO;41;HUILA
923;RIVERA;41;HUILA
974;SALADOBLANCO;41;HUILA
976;SAN AGUSTIN;41;HUILA
911;SANTA MARIA;41;HUILA
983;SUAZA;41;HUILA
968;TARQUI;41;HUILA
905;TELLO;41;HUILA
916;TERUEL;41;HUILA
935;TESALIA;41;HUILA
985;TIMANA;41;HUILA
890;VILLAVIEJA;41;HUILA
933;YAGUARA;41;HUILA
1089;ALBANIA;44;LA GUAJIRA
11;BARRANCAS;44;LA GUAJIRA
8;DIBULLA;44;LA GUAJIRA
16;DISTRACCION;44;LA GUAJIRA
44;EL MOLINO;44;LA GUAJIRA
17;FONSECA;44;LA GUAJIRA
10;HATONUEVO;44;LA GUAJIRA
1088;LA JAGUA DEL PILAR;44;LA GUAJIRA
6;MAICAO;44;LA GUAJIRA
5;MANAURE;44;LA GUAJIRA
7;RIOHACHA;44;LA GUAJIRA
18;SAN JUAN DEL CESAR;44;LA GUAJIRA
2;URIBIA;44;LA GUAJIRA
50;URUMITA;44;LA GUAJIRA
43;VILLANUEVA;44;LA GUAJIRA
1091;ALGARROBO;47;MAGDALENA
26;ARACATACA;47;MAGDALENA
81;ARIGUAINI;47;MAGDALENA
64;CERRO SAN ANTONIO;47;MAGDALENA
72;CHIVOLO;47;MAGDALENA
12;CIENAGA;47;MAGDALENA
1092;CONCORDIA;47;MAGDALENA
115;EL BANCO;47;MAGDALENA
54;EL PIÑON;47;MAGDALENA
35;EL RETEN;47;MAGDALENA
45;FUNDACION;47;MAGDALENA
113;GUAMAL;47;MAGDALENA
1096;NUEVA GRANADA;47;MAGDALENA
71;PEDRAZA;47;MAGDALENA
88;PIJIÑO DEL CARMEN;47;MAGDALENA
42;PIVIJAY;47;MAGDALENA
80;PLATO;47;MAGDALENA
19;PUEBLOVIEJO;47;MAGDALENA
36;REMOLINO;47;MAGDALENA
1095;SABANAS DE SAN ANGEL;47;MAGDALENA
48;SALAMINA;47;MAGDALENA
101;SAN SEBASTIAN DE BUENAVISTA;47;MAGDALENA
87;SANTA ANA;47;MAGDALENA
1097;SANTA BARBARA DE PINTO;47;MAGDALENA
9;SANTA MARTA;47;MAGDALENA
102;SAN ZENON;47;MAGDALENA
14;SITIONUEVO;47;MAGDALENA
79;TENERIFE;47;MAGDALENA
1093;ZAPAYAN;47;MAGDALENA
1090;ZONA BANANERA;47;MAGDALENA
836;ACACIAS;50;META
757;BARRANCA DE UPIA;50;META
796;CABUYARO;50;META
858;CASTILLA LA NUEVA;50;META
821;CUMARAL;50;META
793;EL CALVARIO;50;META
878;EL CASTILLO;50;META
873;EL DORADO;50;META
884;FUENTE DE ORO;50;META
881;GRANADA;50;META
847;GUAMAL;50;META
938;LA MACARENA;50;META
876;LA URIBE;50;META
877;LEJANIAS;50;META
889;MAPIRIPAN;50;META
883;MESETAS;50;META
926;PUERTO CONCORDIA;50;META
720;PUERTO GAITAN;50;META
887;PUERTO LLERAS;50;META
804;PUERTO LOPEZ;50;META
907;PUERTO RICO;50;META
802;RESTREPO;50;META
854;SAN CARLOS DE GUAROA;50;META
895;SAN JUAN DE ARAMA;50;META
784;SAN JUANITO;50;META
853;SAN LUIS DE CUBARRAL;50;META
860;SAN MARTIN;50;META
819;VILLAVICENCIO;50;META
904;VISTAHERMOSA;50;META
1017;ALBAN;52;NARIÑO
1065;ALDANA;52;NARIÑO
1039;ANCUYA;52;NARIÑO
1018;ARBOLEDA;52;NARIÑO
999;BARBACOAS;52;NARIÑO
1012;BELEN;52;NARIÑO
1027;BUESACO;52;NARIÑO
1023;CHACHAGUI;52;NARIÑO
1006;COLON;52;NARIÑO
1042;CONSACA;52;NARIÑO
1066;CONTADERO;52;NARIÑO
1069;CORDOBA;52;NARIÑO
1068;CUASPUD;52;NARIÑO
1055;CUMBAL;52;NARIÑO
998;CUMBITARA;52;NARIÑO
939;EL CHARCO;52;NARIÑO
1104;EL PEÑOL;52;NARIÑO
992;EL ROSARIO;52;NARIÑO
1024;EL TABLON;52;NARIÑO
1021;EL TAMBO;52;NARIÑO
951;FRANCISCO PIZARRO;52;NARIÑO
1053;FUNES;52;NARIÑO
1059;GUACHUCAL;52;NARIÑO
1044;GUAITARILLA;52;NARIÑO
1063;GUALMATAN;52;NARIÑO
1061;ILES;52;NARIÑO
1051;IMUES;52;NARIÑO
1070;IPIALES;52;NARIÑO
1011;LA CRUZ;52;NARIÑO
1029;LA FLORIDA;52;NARIÑO
1014;LA LLANADA;52;NARIÑO
943;LA TOLA;52;NARIÑO
1007;LA UNION;52;NARIÑO
971;LEIVA;52;NARIÑO
1025;LINARES;52;NARIÑO
1002;LOS ANDES;52;NARIÑO
969;MAGUI;52;NARIÑO
1038;MALLAMA;52;NARIÑO
942;MOSQUERA;52;NARIÑO
1105;NARIÑO;52;NARIÑO
948;OLAYA  HERRERA;52;NARIÑO
1056;OSPINA;52;NARIÑO
1036;PASTO;52;NARIÑO
990;POLICARPA;52;NARIÑO
1071;POTOSI;52;NARIÑO
1037;PROVIDENCIA;52;NARIÑO
1067;PUERRES;52;NARIÑO
1062;PUPIALES;52;NARIÑO
1026;RICAURTE;52;NARIÑO
962;ROBERTO PAYAN;52;NARIÑO
1019;SAMANIEGO;52;NARIÑO
1016;SAN BERNARDO;52;NARIÑO
1032;SANDONA;52;NARIÑO
1008;SAN LORENZO;52;NARIÑO
1003;SAN PABLO;52;NARIÑO
1015;SAN PEDRO DE CARTAGO;52;NARIÑO
936;SANTA BARBARA;52;NARIÑO
1028;SANTA CRUZ;52;NARIÑO
1052;SAPUYES;52;NARIÑO
1005;TAMINANGO;52;NARIÑO
1049;TANGUA;52;NARIÑO
979;TUMACO;52;NARIÑO
1041;TUQUERRES;52;NARIÑO
1046;YACUANQUER;52;NARIÑO
194;ABREGO;54;NORTE DE SANTANDER
226;ARBOLEDAS;54;NORTE DE SANTANDER
224;BOCHALEMA;54;NORTE DE SANTANDER
196;BUCARASICA;54;NORTE DE SANTANDER
218;CACHIRA;54;NORTE DE SANTANDER
252;CACOTA;54;NORTE DE SANTANDER
229;CHINACOTA;54;NORTE DE SANTANDER
260;CHITAGA;54;NORTE DE SANTANDER
124;CONVENCION;54;NORTE DE SANTANDER
183;CUCUTA;54;NORTE DE SANTANDER
232;CUCUTILLA;54;NORTE DE SANTANDER
219;DURANIA;54;NORTE DE SANTANDER
122;EL CARMEN;54;NORTE DE SANTANDER
156;EL TARRA;54;NORTE DE SANTANDER
193;EL ZULIA;54;NORTE DE SANTANDER
209;GRAMALOTE;54;NORTE DE SANTANDER
175;HACARI;54;NORTE DE SANTANDER
235;HERRAN;54;NORTE DE SANTANDER
249;LABATECA;54;NORTE DE SANTANDER
221;LA ESPERANZA;54;NORTE DE SANTANDER
190;LA PLAYA;54;NORTE DE SANTANDER
220;LOS PATIOS;54;NORTE DE SANTANDER
208;LOURDES;54;NORTE DE SANTANDER
250;MUTISCUA;54;NORTE DE SANTANDER
184;OCAÑA;54;NORTE DE SANTANDER
244;PAMPLONA;54;NORTE DE SANTANDER
234;PAMPLONITA;54;NORTE DE SANTANDER
186;PUERTO SANTANDER;54;NORTE DE SANTANDER
230;RAGONVALIA;54;NORTE DE SANTANDER
216;SALAZAR;54;NORTE DE SANTANDER
170;SAN CALIXTO;54;NORTE DE SANTANDER
213;SAN CAYETANO;54;NORTE DE SANTANDER
212;SANTIAGO;54;NORTE DE SANTANDER
180;SARDINATA;54;NORTE DE SANTANDER
253;SILOS;54;NORTE DE SANTANDER
132;TEORAMA;54;NORTE DE SANTANDER
134;TIBU;54;NORTE DE SANTANDER
241;TOLEDO;54;NORTE DE SANTANDER
204;VILLA CARO;54;NORTE DE SANTANDER
217;VILLA DEL ROSARIO;54;NORTE DE SANTANDER
1047;COLON;86;PUTUMAYO
1031;MOCOA;86;PUTUMAYO
1064;ORITO;86;PUTUMAYO
1075;PUERTO ASIS;86;PUTUMAYO
1073;PUERTO CAICEDO;86;PUTUMAYO
1060;PUERTO GUZMAN;86;PUTUMAYO
1074;PUERTO LEGUIZAMO;86;PUTUMAYO
1040;SAN FRANCISCO;86;PUTUMAYO
1077;SAN MIGUEL;86;PUTUMAYO
1050;SANTIAGO;86;PUTUMAYO
1043;SIBUNDOY;86;PUTUMAYO
1076;VALLE DEL GUAMUEZ;86;PUTUMAYO
1057;VILLAGARZON;86;PUTUMAYO
776;ARMENIA;63;QUINDIO
801;BUENAVISTA;63;QUINDIO
781;CALARCA;63;QUINDIO
758;CIRCASIA;63;QUINDIO
800;CORDOBA;63;QUINDIO
749;FILANDIA;63;QUINDIO
815;GENOVA;63;QUINDIO
786;LA TEBAIDA;63;QUINDIO
775;MONTENEGRO;63;QUINDIO
811;PIJAO;63;QUINDIO
764;QUIMBAYA;63;QUINDIO
751;SALENTO;63;QUINDIO
629;APIA;66;RISARALDA
684;BALBOA;66;RISARALDA
622;BELEN DE UMBRIA;66;RISARALDA
717;DOSQUEBRADAS;66;RISARALDA
594;GUATICA;66;RISARALDA
670;LA CELIA;66;RISARALDA
707;LA VIRGINIA;66;RISARALDA
673;MARSELLA;66;RISARALDA
570;MISTRATO;66;RISARALDA
713;PEREIRA;66;RISARALDA
590;PUEBLO RICO;66;RISARALDA
592;QUINCHIA;66;RISARALDA
696;SANTA ROSA DE CABAL;66;RISARALDA
658;SANTUARIO;66;RISARALDA
726;SANTAFE DE BOGOTA D.C.;11;SANTAFE DE BOGOTA D.C
413;AGUADA;68;SANTANDER
484;ALBANIA;68;SANTANDER
305;ARATOCA;68;SANTANDER
457;BARBOSA;68;SANTANDER
321;BARICHARA;68;SANTANDER
262;BARRANCABERMEJA;68;SANTANDER
269;BETULIA;68;SANTANDER
403;BOLIVAR;68;SANTANDER
261;BUCARAMANGA;68;SANTANDER
332;CABRERA;68;SANTANDER
237;CALIFORNIA;68;SANTANDER
340;CAPITANEJO;68;SANTANDER
316;CARCASI;68;SANTANDER
307;CEPITA;68;SANTANDER
283;CERRITO;68;SANTANDER
386;CHARALA;68;SANTANDER
251;CHARTA;68;SANTANDER
364;CHIMA;68;SANTANDER
434;CHIPATA;68;SANTANDER
313;CIMITARRA;68;SANTANDER
294;CONCEPCION;68;SANTANDER
379;CONFINES;68;SANTANDER
384;CONTRATACION;68;SANTANDER
383;COROMORO;68;SANTANDER
328;CURITI;68;SANTANDER
297;EL CARMEN DE CHUCURI;68;SANTANDER
395;EL GUACAMAYO;68;SANTANDER
422;EL PEÑON;68;SANTANDER
233;EL PLAYON;68;SANTANDER
418;ENCINO;68;SANTANDER
322;ENCISO;68;SANTANDER
483;FLORIAN;68;SANTANDER
268;FLORIDABLANCA;68;SANTANDER
311;GALAN;68;SANTANDER
454;GAMBITA;68;SANTANDER
256;GIRON;68;SANTANDER
277;GUACA;68;SANTANDER
397;GUADALUPE;68;SANTANDER
388;GUAPOTA;68;SANTANDER
460;GUAVATA;68;SANTANDER
443;GUEPSA;68;SANTANDER
336;HATO;68;SANTANDER
478;JESUS MARIA;68;SANTANDER
318;JORDAN;68;SANTANDER
458;LA BELLEZA;68;SANTANDER
352;LANDAZURI;68;SANTANDER
385;LA PAZ;68;SANTANDER
248;LEBRIJA;68;SANTANDER
295;LOS SANTOS;68;SANTANDER
342;MACARAVITA;68;SANTANDER
312;MALAGA;68;SANTANDER
242;MATANZA;68;SANTANDER
335;MOGOTES;68;SANTANDER
323;MOLAGAVITA;68;SANTANDER
380;OCAMONTE;68;SANTANDER
392;OIBA;68;SANTANDER
349;ONZAGA;68;SANTANDER
347;PALMAR;68;SANTANDER
374;PALMAS DEL SOCORRO;68;SANTANDER
360;PARAMO;68;SANTANDER
270;PIEDECUESTA;68;SANTANDER
346;PINCHOTE;68;SANTANDER
475;PUENTE NACIONAL;68;SANTANDER
299;PUERTO PARRA;68;SANTANDER
201;PUERTO WILCHES;68;SANTANDER
225;RIONEGRO;68;SANTANDER
228;SABANA DE TORRES;68;SANTANDER
290;SAN ANDRES;68;SANTANDER
427;SAN BENITO;68;SANTANDER
333;SAN GIL;68;SANTANDER
348;SAN JOAQUIN;68;SANTANDER
326;SAN JOSE DE MIRANDA;68;SANTANDER
338;SAN MIGUEL;68;SANTANDER
273;SANTA BARBARA;68;SANTANDER
359;SANTA HELENA DEL OPON;68;SANTANDER
267;SAN VICENTE DE CHUCURI;68;SANTANDER
289;SIMACOTA;68;SANTANDER
353;SOCORRO;68;SANTANDER
420;SUAITA;68;SANTANDER
437;SUCRE;68;SANTANDER
231;SURATA;68;SANTANDER
258;TONA;68;SANTANDER
362;VALLE DE SAN JOSE;68;SANTANDER
351;VELEZ;68;SANTANDER
240;VETAS;68;SANTANDER
314;VILLANUEVA;68;SANTANDER
284;ZAPATOCA;68;SANTANDER
104;BUENAVISTA;70;SUCRE
150;CAIMITO;70;SUCRE
91;CHALAN;70;SUCRE
94;COLOSO;70;SUCRE
114;COROZAL;70;SUCRE
1109;COVEÑAS;70;SUCRE
1087;EL ROBLE;70;SUCRE
129;GALERAS;70;SUCRE
172;GUARANDA;70;SUCRE
153;LA UNION;70;SUCRE
99;LOS PALMITOS;70;SUCRE
162;MAJAGUAL;70;SUCRE
100;MORROA;70;SUCRE
89;OVEJAS;70;SUCRE
110;PALMITO;70;SUCRE
126;SAMPUES;70;SUCRE
135;SAN BENITO ABAD;70;SUCRE
111;SAN JUAN DE BETULIA;70;SUCRE
163;SAN MARCOS;70;SUCRE
75;SAN ONOFRE;70;SUCRE
97;SAN PEDRO;70;SUCRE
109;SINCE;70;SUCRE
107;SINCELEJO;70;SUCRE
140;SUCRE;70;SUCRE
1108;TOLU;70;SUCRE
93;TOLUVIEJO;70;SUCRE
885;ALPUJARRA;73;TOLIMA
753;ALVARADO;73;TOLIMA
706;AMBALEMA;73;TOLIMA
747;ANZOATEGUI;73;TOLIMA
655;ARMERO;73;TOLIMA
880;ATACO;73;TOLIMA
773;CAJAMARCA;73;TOLIMA
832;CARMEN DE APICALA;73;TOLIMA
657;CASABIANCA;73;TOLIMA
851;CHAPARRAL;73;TOLIMA
789;COELLO;73;TOLIMA
857;COYAIMA;73;TOLIMA
841;CUNDAY;73;TOLIMA
869;DOLORES;73;TOLIMA
834;ESPINAL;73;TOLIMA
641;FALAN;73;TOLIMA
822;FLANDES;73;TOLIMA
616;FRESNO;73;TOLIMA
835;GUAMO;73;TOLIMA
644;HERVEO;73;TOLIMA
613;HONDA;73;TOLIMA
759;IBAGUE;73;TOLIMA
827;ICONONZO;73;TOLIMA
701;LERIDA;73;TOLIMA
700;LIBANO;73;TOLIMA
612;MARIQUITA;73;TOLIMA
826;MELGAR;73;TOLIMA
712;MURILLO;73;TOLIMA
875;NATAGAIMA;73;TOLIMA
843;ORTEGA;73;TOLIMA
649;PALOCABILDO;73;TOLIMA
767;PIEDRAS;73;TOLIMA
893;PLANADAS;73;TOLIMA
864;PRADO;73;TOLIMA
852;PURIFICACION;73;TOLIMA
872;RIOBLANCO;73;TOLIMA
817;RONCESVALLES;73;TOLIMA
808;ROVIRA;73;TOLIMA
856;SALDAÑA;73;TOLIMA
845;SAN ANTONIO;73;TOLIMA
818;SAN LUIS;73;TOLIMA
735;SANTA ISABEL;73;TOLIMA
829;SUAREZ;73;TOLIMA
824;VALLE DE SAN JUAN;73;TOLIMA
733;VENADILLO;73;TOLIMA
676;VILLAHERMOSA;73;TOLIMA
855;VILLARRICA;73;TOLIMA
755;ALCALA;76;VALLE DEL CAUCA
833;ANDALUCIA;76;VALLE DEL CAUCA
719;ANSERMANUEVO;76;VALLE DEL CAUCA
731;ARGELIA;76;VALLE DEL CAUCA
797;BOLIVAR;76;VALLE DEL CAUCA
830;BUENAVENTURA;76;VALLE DEL CAUCA
849;BUGA;76;VALLE DEL CAUCA
816;BUGALAGRANDE;76;VALLE DEL CAUCA
799;CAICEDONIA;76;VALLE DEL CAUCA
882;CALI;76;VALLE DEL CAUCA
888;CANDELARIA;76;VALLE DEL CAUCA
728;CARTAGO;76;VALLE DEL CAUCA
859;DAGUA;76;VALLE DEL CAUCA
842;DARIEN;76;VALLE DEL CAUCA
691;EL AGUILA;76;VALLE DEL CAUCA
722;EL CAIRO;76;VALLE DEL CAUCA
868;EL CERRITO;76;VALLE DEL CAUCA
777;EL DOVIO;76;VALLE DEL CAUCA
892;FLORIDA;76;VALLE DEL CAUCA
865;GINEBRA;76;VALLE DEL CAUCA
863;GUACARI;76;VALLE DEL CAUCA
894;JAMUNDI;76;VALLE DEL CAUCA
867;LA CUMBRE;76;VALLE DEL CAUCA
774;LA UNION;76;VALLE DEL CAUCA
778;LA VICTORIA;76;VALLE DEL CAUCA
769;OBANDO;76;VALLE DEL CAUCA
871;PALMIRA;76;VALLE DEL CAUCA
886;PRADERA;76;VALLE DEL CAUCA
861;RESTREPO;76;VALLE DEL CAUCA
838;RIOFRIO;76;VALLE DEL CAUCA
785;ROLDANILLO;76;VALLE DEL CAUCA
840;SAN PEDRO;76;VALLE DEL CAUCA
792;SEVILLA;76;VALLE DEL CAUCA
752;TORO;76;VALLE DEL CAUCA
825;TRUJILLO;76;VALLE DEL CAUCA
839;TULUA;76;VALLE DEL CAUCA
743;ULLOA;76;VALLE DEL CAUCA
748;VERSALLES;76;VALLE DEL CAUCA
862;VIJES;76;VALLE DEL CAUCA
846;YOTOCO;76;VALLE DEL CAUCA
879;YUMBO;76;VALLE DEL CAUCA
790;ZARZAL;76;VALLE DEL CAUCA
1004;CARURU;97;VAUPES
1010;MITU;97;VAUPES
1072;PACOA;97;VAUPES
982;PAPUNAUA;97;VAUPES
1079;TARAIRA;97;VAUPES
1058;YAVARATE;97;VAUPES
575;CUMARIBO;99;VICHADA
416;LA PRIMAVERA;99;VICHADA
396;PUERTO CARREÑO;99;VICHADA
559;SANTA ROSALIA;99;VICHADA
